datasource,week_since_vaccination,vx_manufacturer,dose,riskfactor,AESI,Numerator,IR,lb,ub
ARS,0,none,no_dose,COVCANCER,ACUASEARTHRITIS_broad,0,0,0,0
ARS,0,none,no_dose,COVCKD,ACUASEARTHRITIS_broad,0,0,0,0
ARS,0,none,no_dose,COVCOPD,ACUASEARTHRITIS_broad,0,0,0,0
ARS,0,none,no_dose,COVDIAB,ACUASEARTHRITIS_broad,1,3722.48,524.34,26427.1
ARS,0,none,no_dose,COVHIV,ACUASEARTHRITIS_broad,0,0,0,0
ARS,0,none,no_dose,COVOBES,ACUASEARTHRITIS_broad,0,0,0,0
ARS,0,none,no_dose,COVSICKLE,ACUASEARTHRITIS_broad,0,0,0,0
ARS,0,none,no_dose,CV,ACUASEARTHRITIS_broad,1,1823.7,256.88,12947.04
ARS,0,none,no_dose,IMMUNOSUPPR,ACUASEARTHRITIS_broad,1,3731.23,525.58,26489.22
ARS,0,none,no_dose,any_risk_factors,ACUASEARTHRITIS_broad,2,1905.37,476.52,7618.7
ARS,1,Pfizer,1,COVCANCER,ACUASEARTHRITIS_broad,0,0,0,0
ARS,1,Pfizer,1,COVCKD,ACUASEARTHRITIS_broad,0,0,0,0
ARS,1,Pfizer,1,COVCOPD,ACUASEARTHRITIS_broad,0,0,0,0
ARS,1,Pfizer,1,COVDIAB,ACUASEARTHRITIS_broad,0,0,0,0
ARS,1,Pfizer,1,COVHIV,ACUASEARTHRITIS_broad,0,0,0,0
ARS,1,Pfizer,1,COVOBES,ACUASEARTHRITIS_broad,0,0,0,0
ARS,1,Pfizer,1,COVSICKLE,ACUASEARTHRITIS_broad,0,0,0,0
ARS,1,Pfizer,1,CV,ACUASEARTHRITIS_broad,0,0,0,0
ARS,1,Pfizer,1,IMMUNOSUPPR,ACUASEARTHRITIS_broad,0,0,0,0
ARS,1,Pfizer,1,any_risk_factors,ACUASEARTHRITIS_broad,0,0,0,0
ARS,2,Pfizer,1,COVCANCER,ACUASEARTHRITIS_broad,0,0,0,0
ARS,2,Pfizer,1,COVCKD,ACUASEARTHRITIS_broad,0,0,0,0
ARS,2,Pfizer,1,COVCOPD,ACUASEARTHRITIS_broad,0,0,0,0
ARS,2,Pfizer,1,COVDIAB,ACUASEARTHRITIS_broad,0,0,0,0
ARS,2,Pfizer,1,COVHIV,ACUASEARTHRITIS_broad,0,0,0,0
ARS,2,Pfizer,1,COVOBES,ACUASEARTHRITIS_broad,0,0,0,0
ARS,2,Pfizer,1,COVSICKLE,ACUASEARTHRITIS_broad,0,0,0,0
ARS,2,Pfizer,1,CV,ACUASEARTHRITIS_broad,0,0,0,0
ARS,2,Pfizer,1,IMMUNOSUPPR,ACUASEARTHRITIS_broad,0,0,0,0
ARS,2,Pfizer,1,any_risk_factors,ACUASEARTHRITIS_broad,0,0,0,0
ARS,3,Pfizer,1,COVCANCER,ACUASEARTHRITIS_broad,0,0,0,0
ARS,3,Pfizer,1,COVCKD,ACUASEARTHRITIS_broad,0,0,0,0
ARS,3,Pfizer,1,COVCOPD,ACUASEARTHRITIS_broad,0,0,0,0
ARS,3,Pfizer,1,COVDIAB,ACUASEARTHRITIS_broad,0,0,0,0
ARS,3,Pfizer,1,COVHIV,ACUASEARTHRITIS_broad,0,0,0,0
ARS,3,Pfizer,1,COVOBES,ACUASEARTHRITIS_broad,0,0,0,0
ARS,3,Pfizer,1,COVSICKLE,ACUASEARTHRITIS_broad,0,0,0,0
ARS,3,Pfizer,1,CV,ACUASEARTHRITIS_broad,0,0,0,0
ARS,3,Pfizer,1,IMMUNOSUPPR,ACUASEARTHRITIS_broad,0,0,0,0
ARS,3,Pfizer,1,any_risk_factors,ACUASEARTHRITIS_broad,0,0,0,0
ARS,4,Pfizer,1,COVCANCER,ACUASEARTHRITIS_broad,0,0,0,0
ARS,4,Pfizer,1,COVCKD,ACUASEARTHRITIS_broad,0,0,0,0
ARS,4,Pfizer,1,COVCOPD,ACUASEARTHRITIS_broad,0,0,0,0
ARS,4,Pfizer,1,COVDIAB,ACUASEARTHRITIS_broad,0,0,0,0
ARS,4,Pfizer,1,COVHIV,ACUASEARTHRITIS_broad,0,0,0,0
ARS,4,Pfizer,1,COVOBES,ACUASEARTHRITIS_broad,0,0,0,0
ARS,4,Pfizer,1,COVSICKLE,ACUASEARTHRITIS_broad,0,0,0,0
ARS,4,Pfizer,1,CV,ACUASEARTHRITIS_broad,0,0,0,0
ARS,4,Pfizer,1,IMMUNOSUPPR,ACUASEARTHRITIS_broad,0,0,0,0
ARS,4,Pfizer,1,any_risk_factors,ACUASEARTHRITIS_broad,0,0,0,0
ARS,5,Pfizer,1,COVCANCER,ACUASEARTHRITIS_broad,0,0,0,0
ARS,5,Pfizer,1,COVCKD,ACUASEARTHRITIS_broad,0,0,0,0
ARS,5,Pfizer,1,COVCOPD,ACUASEARTHRITIS_broad,0,0,0,0
ARS,5,Pfizer,1,COVDIAB,ACUASEARTHRITIS_broad,0,0,0,0
ARS,5,Pfizer,1,COVHIV,ACUASEARTHRITIS_broad,0,0,0,0
ARS,5,Pfizer,1,COVOBES,ACUASEARTHRITIS_broad,0,0,0,0
ARS,5,Pfizer,1,COVSICKLE,ACUASEARTHRITIS_broad,0,0,0,0
ARS,5,Pfizer,1,CV,ACUASEARTHRITIS_broad,0,0,0,0
ARS,5,Pfizer,1,IMMUNOSUPPR,ACUASEARTHRITIS_broad,0,0,0,0
ARS,5,Pfizer,1,any_risk_factors,ACUASEARTHRITIS_broad,0,0,0,0
ARS,0,none,no_dose,COVCANCER,HF_narrow,0,0,0,0
ARS,0,none,no_dose,COVCKD,HF_narrow,0,0,0,0
ARS,0,none,no_dose,COVCOPD,HF_narrow,0,0,0,0
ARS,0,none,no_dose,COVDIAB,HF_narrow,1,3739.25,526.7,26546.16
ARS,0,none,no_dose,COVHIV,HF_narrow,0,0,0,0
ARS,0,none,no_dose,COVOBES,HF_narrow,0,0,0,0
ARS,0,none,no_dose,COVSICKLE,HF_narrow,0,0,0,0
ARS,0,none,no_dose,CV,HF_narrow,1,1871.45,263.61,13286.04
ARS,0,none,no_dose,IMMUNOSUPPR,HF_narrow,0,0,0,0
ARS,0,none,no_dose,any_risk_factors,HF_narrow,1,953.88,134.36,6771.91
ARS,1,Pfizer,1,COVCANCER,HF_narrow,0,0,0,0
ARS,1,Pfizer,1,COVCKD,HF_narrow,0,0,0,0
ARS,1,Pfizer,1,COVCOPD,HF_narrow,0,0,0,0
ARS,1,Pfizer,1,COVDIAB,HF_narrow,0,0,0,0
ARS,1,Pfizer,1,COVHIV,HF_narrow,0,0,0,0
ARS,1,Pfizer,1,COVOBES,HF_narrow,0,0,0,0
ARS,1,Pfizer,1,COVSICKLE,HF_narrow,0,0,0,0
ARS,1,Pfizer,1,CV,HF_narrow,0,0,0,0
ARS,1,Pfizer,1,IMMUNOSUPPR,HF_narrow,0,0,0,0
ARS,1,Pfizer,1,any_risk_factors,HF_narrow,0,0,0,0
ARS,2,Pfizer,1,COVCANCER,HF_narrow,0,0,0,0
ARS,2,Pfizer,1,COVCKD,HF_narrow,0,0,0,0
ARS,2,Pfizer,1,COVCOPD,HF_narrow,0,0,0,0
ARS,2,Pfizer,1,COVDIAB,HF_narrow,0,0,0,0
ARS,2,Pfizer,1,COVHIV,HF_narrow,0,0,0,0
ARS,2,Pfizer,1,COVOBES,HF_narrow,0,0,0,0
ARS,2,Pfizer,1,COVSICKLE,HF_narrow,0,0,0,0
ARS,2,Pfizer,1,CV,HF_narrow,0,0,0,0
ARS,2,Pfizer,1,IMMUNOSUPPR,HF_narrow,0,0,0,0
ARS,2,Pfizer,1,any_risk_factors,HF_narrow,0,0,0,0
ARS,3,Pfizer,1,COVCANCER,HF_narrow,0,0,0,0
ARS,3,Pfizer,1,COVCKD,HF_narrow,0,0,0,0
ARS,3,Pfizer,1,COVCOPD,HF_narrow,0,0,0,0
ARS,3,Pfizer,1,COVDIAB,HF_narrow,0,0,0,0
ARS,3,Pfizer,1,COVHIV,HF_narrow,0,0,0,0
ARS,3,Pfizer,1,COVOBES,HF_narrow,0,0,0,0
ARS,3,Pfizer,1,COVSICKLE,HF_narrow,0,0,0,0
ARS,3,Pfizer,1,CV,HF_narrow,0,0,0,0
ARS,3,Pfizer,1,IMMUNOSUPPR,HF_narrow,0,0,0,0
ARS,3,Pfizer,1,any_risk_factors,HF_narrow,0,0,0,0
ARS,4,Pfizer,1,COVCANCER,HF_narrow,0,0,0,0
ARS,4,Pfizer,1,COVCKD,HF_narrow,0,0,0,0
ARS,4,Pfizer,1,COVCOPD,HF_narrow,0,0,0,0
ARS,4,Pfizer,1,COVDIAB,HF_narrow,0,0,0,0
ARS,4,Pfizer,1,COVHIV,HF_narrow,0,0,0,0
ARS,4,Pfizer,1,COVOBES,HF_narrow,0,0,0,0
ARS,4,Pfizer,1,COVSICKLE,HF_narrow,0,0,0,0
ARS,4,Pfizer,1,CV,HF_narrow,0,0,0,0
ARS,4,Pfizer,1,IMMUNOSUPPR,HF_narrow,0,0,0,0
ARS,4,Pfizer,1,any_risk_factors,HF_narrow,0,0,0,0
ARS,5,Pfizer,1,COVCANCER,HF_narrow,0,0,0,0
ARS,5,Pfizer,1,COVCKD,HF_narrow,0,0,0,0
ARS,5,Pfizer,1,COVCOPD,HF_narrow,0,0,0,0
ARS,5,Pfizer,1,COVDIAB,HF_narrow,0,0,0,0
ARS,5,Pfizer,1,COVHIV,HF_narrow,0,0,0,0
ARS,5,Pfizer,1,COVOBES,HF_narrow,0,0,0,0
ARS,5,Pfizer,1,COVSICKLE,HF_narrow,0,0,0,0
ARS,5,Pfizer,1,CV,HF_narrow,0,0,0,0
ARS,5,Pfizer,1,IMMUNOSUPPR,HF_narrow,0,0,0,0
ARS,5,Pfizer,1,any_risk_factors,HF_narrow,0,0,0,0
ARS,0,none,no_dose,COVCANCER,CAD_narrow,0,0,0,0
ARS,0,none,no_dose,COVCKD,CAD_narrow,0,0,0,0
ARS,0,none,no_dose,COVCOPD,CAD_narrow,0,0,0,0
ARS,0,none,no_dose,COVDIAB,CAD_narrow,0,0,0,0
ARS,0,none,no_dose,COVHIV,CAD_narrow,0,0,0,0
ARS,0,none,no_dose,COVOBES,CAD_narrow,0,0,0,0
ARS,0,none,no_dose,COVSICKLE,CAD_narrow,0,0,0,0
ARS,0,none,no_dose,CV,CAD_narrow,0,0,0,0
ARS,0,none,no_dose,IMMUNOSUPPR,CAD_narrow,0,0,0,0
ARS,0,none,no_dose,any_risk_factors,CAD_narrow,0,0,0,0
ARS,1,Pfizer,1,COVCANCER,CAD_narrow,0,0,0,0
ARS,1,Pfizer,1,COVCKD,CAD_narrow,0,0,0,0
ARS,1,Pfizer,1,COVCOPD,CAD_narrow,0,0,0,0
ARS,1,Pfizer,1,COVDIAB,CAD_narrow,0,0,0,0
ARS,1,Pfizer,1,COVHIV,CAD_narrow,0,0,0,0
ARS,1,Pfizer,1,COVOBES,CAD_narrow,0,0,0,0
ARS,1,Pfizer,1,COVSICKLE,CAD_narrow,0,0,0,0
ARS,1,Pfizer,1,CV,CAD_narrow,0,0,0,0
ARS,1,Pfizer,1,IMMUNOSUPPR,CAD_narrow,0,0,0,0
ARS,1,Pfizer,1,any_risk_factors,CAD_narrow,0,0,0,0
ARS,2,Pfizer,1,COVCANCER,CAD_narrow,0,0,0,0
ARS,2,Pfizer,1,COVCKD,CAD_narrow,0,0,0,0
ARS,2,Pfizer,1,COVCOPD,CAD_narrow,0,0,0,0
ARS,2,Pfizer,1,COVDIAB,CAD_narrow,0,0,0,0
ARS,2,Pfizer,1,COVHIV,CAD_narrow,0,0,0,0
ARS,2,Pfizer,1,COVOBES,CAD_narrow,0,0,0,0
ARS,2,Pfizer,1,COVSICKLE,CAD_narrow,0,0,0,0
ARS,2,Pfizer,1,CV,CAD_narrow,0,0,0,0
ARS,2,Pfizer,1,IMMUNOSUPPR,CAD_narrow,0,0,0,0
ARS,2,Pfizer,1,any_risk_factors,CAD_narrow,0,0,0,0
ARS,3,Pfizer,1,COVCANCER,CAD_narrow,0,0,0,0
ARS,3,Pfizer,1,COVCKD,CAD_narrow,0,0,0,0
ARS,3,Pfizer,1,COVCOPD,CAD_narrow,0,0,0,0
ARS,3,Pfizer,1,COVDIAB,CAD_narrow,0,0,0,0
ARS,3,Pfizer,1,COVHIV,CAD_narrow,0,0,0,0
ARS,3,Pfizer,1,COVOBES,CAD_narrow,0,0,0,0
ARS,3,Pfizer,1,COVSICKLE,CAD_narrow,0,0,0,0
ARS,3,Pfizer,1,CV,CAD_narrow,0,0,0,0
ARS,3,Pfizer,1,IMMUNOSUPPR,CAD_narrow,0,0,0,0
ARS,3,Pfizer,1,any_risk_factors,CAD_narrow,0,0,0,0
ARS,4,Pfizer,1,COVCANCER,CAD_narrow,0,0,0,0
ARS,4,Pfizer,1,COVCKD,CAD_narrow,0,0,0,0
ARS,4,Pfizer,1,COVCOPD,CAD_narrow,0,0,0,0
ARS,4,Pfizer,1,COVDIAB,CAD_narrow,0,0,0,0
ARS,4,Pfizer,1,COVHIV,CAD_narrow,0,0,0,0
ARS,4,Pfizer,1,COVOBES,CAD_narrow,0,0,0,0
ARS,4,Pfizer,1,COVSICKLE,CAD_narrow,0,0,0,0
ARS,4,Pfizer,1,CV,CAD_narrow,0,0,0,0
ARS,4,Pfizer,1,IMMUNOSUPPR,CAD_narrow,0,0,0,0
ARS,4,Pfizer,1,any_risk_factors,CAD_narrow,0,0,0,0
ARS,5,Pfizer,1,COVCANCER,CAD_narrow,0,0,0,0
ARS,5,Pfizer,1,COVCKD,CAD_narrow,0,0,0,0
ARS,5,Pfizer,1,COVCOPD,CAD_narrow,0,0,0,0
ARS,5,Pfizer,1,COVDIAB,CAD_narrow,0,0,0,0
ARS,5,Pfizer,1,COVHIV,CAD_narrow,0,0,0,0
ARS,5,Pfizer,1,COVOBES,CAD_narrow,0,0,0,0
ARS,5,Pfizer,1,COVSICKLE,CAD_narrow,0,0,0,0
ARS,5,Pfizer,1,CV,CAD_narrow,0,0,0,0
ARS,5,Pfizer,1,IMMUNOSUPPR,CAD_narrow,0,0,0,0
ARS,5,Pfizer,1,any_risk_factors,CAD_narrow,0,0,0,0
ARS,0,none,no_dose,COVCANCER,GENCONV_narrow,0,0,0,0
ARS,0,none,no_dose,COVCKD,GENCONV_narrow,0,0,0,0
ARS,0,none,no_dose,COVCOPD,GENCONV_narrow,0,0,0,0
ARS,0,none,no_dose,COVDIAB,GENCONV_narrow,0,0,0,0
ARS,0,none,no_dose,COVHIV,GENCONV_narrow,0,0,0,0
ARS,0,none,no_dose,COVOBES,GENCONV_narrow,0,0,0,0
ARS,0,none,no_dose,COVSICKLE,GENCONV_narrow,0,0,0,0
ARS,0,none,no_dose,CV,GENCONV_narrow,0,0,0,0
ARS,0,none,no_dose,IMMUNOSUPPR,GENCONV_narrow,0,0,0,0
ARS,0,none,no_dose,any_risk_factors,GENCONV_narrow,0,0,0,0
ARS,1,Pfizer,1,COVCANCER,GENCONV_narrow,0,0,0,0
ARS,1,Pfizer,1,COVCKD,GENCONV_narrow,0,0,0,0
ARS,1,Pfizer,1,COVCOPD,GENCONV_narrow,0,0,0,0
ARS,1,Pfizer,1,COVDIAB,GENCONV_narrow,0,0,0,0
ARS,1,Pfizer,1,COVHIV,GENCONV_narrow,0,0,0,0
ARS,1,Pfizer,1,COVOBES,GENCONV_narrow,0,0,0,0
ARS,1,Pfizer,1,COVSICKLE,GENCONV_narrow,0,0,0,0
ARS,1,Pfizer,1,CV,GENCONV_narrow,0,0,0,0
ARS,1,Pfizer,1,IMMUNOSUPPR,GENCONV_narrow,0,0,0,0
ARS,1,Pfizer,1,any_risk_factors,GENCONV_narrow,0,0,0,0
ARS,2,Pfizer,1,COVCANCER,GENCONV_narrow,0,0,0,0
ARS,2,Pfizer,1,COVCKD,GENCONV_narrow,0,0,0,0
ARS,2,Pfizer,1,COVCOPD,GENCONV_narrow,0,0,0,0
ARS,2,Pfizer,1,COVDIAB,GENCONV_narrow,0,0,0,0
ARS,2,Pfizer,1,COVHIV,GENCONV_narrow,0,0,0,0
ARS,2,Pfizer,1,COVOBES,GENCONV_narrow,0,0,0,0
ARS,2,Pfizer,1,COVSICKLE,GENCONV_narrow,0,0,0,0
ARS,2,Pfizer,1,CV,GENCONV_narrow,0,0,0,0
ARS,2,Pfizer,1,IMMUNOSUPPR,GENCONV_narrow,0,0,0,0
ARS,2,Pfizer,1,any_risk_factors,GENCONV_narrow,0,0,0,0
ARS,3,Pfizer,1,COVCANCER,GENCONV_narrow,0,0,0,0
ARS,3,Pfizer,1,COVCKD,GENCONV_narrow,0,0,0,0
ARS,3,Pfizer,1,COVCOPD,GENCONV_narrow,0,0,0,0
ARS,3,Pfizer,1,COVDIAB,GENCONV_narrow,0,0,0,0
ARS,3,Pfizer,1,COVHIV,GENCONV_narrow,0,0,0,0
ARS,3,Pfizer,1,COVOBES,GENCONV_narrow,0,0,0,0
ARS,3,Pfizer,1,COVSICKLE,GENCONV_narrow,0,0,0,0
ARS,3,Pfizer,1,CV,GENCONV_narrow,0,0,0,0
ARS,3,Pfizer,1,IMMUNOSUPPR,GENCONV_narrow,0,0,0,0
ARS,3,Pfizer,1,any_risk_factors,GENCONV_narrow,0,0,0,0
ARS,4,Pfizer,1,COVCANCER,GENCONV_narrow,0,0,0,0
ARS,4,Pfizer,1,COVCKD,GENCONV_narrow,0,0,0,0
ARS,4,Pfizer,1,COVCOPD,GENCONV_narrow,0,0,0,0
ARS,4,Pfizer,1,COVDIAB,GENCONV_narrow,0,0,0,0
ARS,4,Pfizer,1,COVHIV,GENCONV_narrow,0,0,0,0
ARS,4,Pfizer,1,COVOBES,GENCONV_narrow,0,0,0,0
ARS,4,Pfizer,1,COVSICKLE,GENCONV_narrow,0,0,0,0
ARS,4,Pfizer,1,CV,GENCONV_narrow,0,0,0,0
ARS,4,Pfizer,1,IMMUNOSUPPR,GENCONV_narrow,0,0,0,0
ARS,4,Pfizer,1,any_risk_factors,GENCONV_narrow,0,0,0,0
ARS,5,Pfizer,1,COVCANCER,GENCONV_narrow,0,0,0,0
ARS,5,Pfizer,1,COVCKD,GENCONV_narrow,0,0,0,0
ARS,5,Pfizer,1,COVCOPD,GENCONV_narrow,0,0,0,0
ARS,5,Pfizer,1,COVDIAB,GENCONV_narrow,0,0,0,0
ARS,5,Pfizer,1,COVHIV,GENCONV_narrow,0,0,0,0
ARS,5,Pfizer,1,COVOBES,GENCONV_narrow,0,0,0,0
ARS,5,Pfizer,1,COVSICKLE,GENCONV_narrow,0,0,0,0
ARS,5,Pfizer,1,CV,GENCONV_narrow,0,0,0,0
ARS,5,Pfizer,1,IMMUNOSUPPR,GENCONV_narrow,0,0,0,0
ARS,5,Pfizer,1,any_risk_factors,GENCONV_narrow,0,0,0,0
ARS,0,none,no_dose,COVCANCER,ANAPHYL_broad,0,0,0,0
ARS,0,none,no_dose,COVCKD,ANAPHYL_broad,0,0,0,0
ARS,0,none,no_dose,COVCOPD,ANAPHYL_broad,0,0,0,0
ARS,0,none,no_dose,COVDIAB,ANAPHYL_broad,0,0,0,0
ARS,0,none,no_dose,COVHIV,ANAPHYL_broad,0,0,0,0
ARS,0,none,no_dose,COVOBES,ANAPHYL_broad,0,0,0,0
ARS,0,none,no_dose,COVSICKLE,ANAPHYL_broad,0,0,0,0
ARS,0,none,no_dose,CV,ANAPHYL_broad,0,0,0,0
ARS,0,none,no_dose,IMMUNOSUPPR,ANAPHYL_broad,0,0,0,0
ARS,0,none,no_dose,any_risk_factors,ANAPHYL_broad,0,0,0,0
ARS,1,Pfizer,1,COVCANCER,ANAPHYL_broad,0,0,0,0
ARS,1,Pfizer,1,COVCKD,ANAPHYL_broad,0,0,0,0
ARS,1,Pfizer,1,COVCOPD,ANAPHYL_broad,0,0,0,0
ARS,1,Pfizer,1,COVDIAB,ANAPHYL_broad,0,0,0,0
ARS,1,Pfizer,1,COVHIV,ANAPHYL_broad,0,0,0,0
ARS,1,Pfizer,1,COVOBES,ANAPHYL_broad,0,0,0,0
ARS,1,Pfizer,1,COVSICKLE,ANAPHYL_broad,0,0,0,0
ARS,1,Pfizer,1,CV,ANAPHYL_broad,0,0,0,0
ARS,1,Pfizer,1,IMMUNOSUPPR,ANAPHYL_broad,0,0,0,0
ARS,1,Pfizer,1,any_risk_factors,ANAPHYL_broad,0,0,0,0
ARS,2,Pfizer,1,COVCANCER,ANAPHYL_broad,0,0,0,0
ARS,2,Pfizer,1,COVCKD,ANAPHYL_broad,0,0,0,0
ARS,2,Pfizer,1,COVCOPD,ANAPHYL_broad,0,0,0,0
ARS,2,Pfizer,1,COVDIAB,ANAPHYL_broad,0,0,0,0
ARS,2,Pfizer,1,COVHIV,ANAPHYL_broad,0,0,0,0
ARS,2,Pfizer,1,COVOBES,ANAPHYL_broad,0,0,0,0
ARS,2,Pfizer,1,COVSICKLE,ANAPHYL_broad,0,0,0,0
ARS,2,Pfizer,1,CV,ANAPHYL_broad,0,0,0,0
ARS,2,Pfizer,1,IMMUNOSUPPR,ANAPHYL_broad,0,0,0,0
ARS,2,Pfizer,1,any_risk_factors,ANAPHYL_broad,0,0,0,0
ARS,3,Pfizer,1,COVCANCER,ANAPHYL_broad,0,0,0,0
ARS,3,Pfizer,1,COVCKD,ANAPHYL_broad,0,0,0,0
ARS,3,Pfizer,1,COVCOPD,ANAPHYL_broad,0,0,0,0
ARS,3,Pfizer,1,COVDIAB,ANAPHYL_broad,0,0,0,0
ARS,3,Pfizer,1,COVHIV,ANAPHYL_broad,0,0,0,0
ARS,3,Pfizer,1,COVOBES,ANAPHYL_broad,0,0,0,0
ARS,3,Pfizer,1,COVSICKLE,ANAPHYL_broad,0,0,0,0
ARS,3,Pfizer,1,CV,ANAPHYL_broad,0,0,0,0
ARS,3,Pfizer,1,IMMUNOSUPPR,ANAPHYL_broad,0,0,0,0
ARS,3,Pfizer,1,any_risk_factors,ANAPHYL_broad,0,0,0,0
ARS,4,Pfizer,1,COVCANCER,ANAPHYL_broad,0,0,0,0
ARS,4,Pfizer,1,COVCKD,ANAPHYL_broad,0,0,0,0
ARS,4,Pfizer,1,COVCOPD,ANAPHYL_broad,0,0,0,0
ARS,4,Pfizer,1,COVDIAB,ANAPHYL_broad,0,0,0,0
ARS,4,Pfizer,1,COVHIV,ANAPHYL_broad,0,0,0,0
ARS,4,Pfizer,1,COVOBES,ANAPHYL_broad,0,0,0,0
ARS,4,Pfizer,1,COVSICKLE,ANAPHYL_broad,0,0,0,0
ARS,4,Pfizer,1,CV,ANAPHYL_broad,0,0,0,0
ARS,4,Pfizer,1,IMMUNOSUPPR,ANAPHYL_broad,0,0,0,0
ARS,4,Pfizer,1,any_risk_factors,ANAPHYL_broad,0,0,0,0
ARS,5,Pfizer,1,COVCANCER,ANAPHYL_broad,0,0,0,0
ARS,5,Pfizer,1,COVCKD,ANAPHYL_broad,0,0,0,0
ARS,5,Pfizer,1,COVCOPD,ANAPHYL_broad,0,0,0,0
ARS,5,Pfizer,1,COVDIAB,ANAPHYL_broad,0,0,0,0
ARS,5,Pfizer,1,COVHIV,ANAPHYL_broad,0,0,0,0
ARS,5,Pfizer,1,COVOBES,ANAPHYL_broad,0,0,0,0
ARS,5,Pfizer,1,COVSICKLE,ANAPHYL_broad,0,0,0,0
ARS,5,Pfizer,1,CV,ANAPHYL_broad,0,0,0,0
ARS,5,Pfizer,1,IMMUNOSUPPR,ANAPHYL_broad,0,0,0,0
ARS,5,Pfizer,1,any_risk_factors,ANAPHYL_broad,0,0,0,0
ARS,0,none,no_dose,COVCANCER,Ischstroke_narrow,0,0,0,0
ARS,0,none,no_dose,COVCKD,Ischstroke_narrow,0,0,0,0
ARS,0,none,no_dose,COVCOPD,Ischstroke_narrow,0,0,0,0
ARS,0,none,no_dose,COVDIAB,Ischstroke_narrow,0,0,0,0
ARS,0,none,no_dose,COVHIV,Ischstroke_narrow,0,0,0,0
ARS,0,none,no_dose,COVOBES,Ischstroke_narrow,0,0,0,0
ARS,0,none,no_dose,COVSICKLE,Ischstroke_narrow,0,0,0,0
ARS,0,none,no_dose,CV,Ischstroke_narrow,2,3923.83,981.32,15689.59
ARS,0,none,no_dose,IMMUNOSUPPR,Ischstroke_narrow,0,0,0,0
ARS,0,none,no_dose,any_risk_factors,Ischstroke_narrow,2,1953.68,488.6,7811.87
ARS,1,Pfizer,1,COVCANCER,Ischstroke_narrow,0,0,0,0
ARS,1,Pfizer,1,COVCKD,Ischstroke_narrow,0,0,0,0
ARS,1,Pfizer,1,COVCOPD,Ischstroke_narrow,0,0,0,0
ARS,1,Pfizer,1,COVDIAB,Ischstroke_narrow,0,0,0,0
ARS,1,Pfizer,1,COVHIV,Ischstroke_narrow,0,0,0,0
ARS,1,Pfizer,1,COVOBES,Ischstroke_narrow,0,0,0,0
ARS,1,Pfizer,1,COVSICKLE,Ischstroke_narrow,0,0,0,0
ARS,1,Pfizer,1,CV,Ischstroke_narrow,0,0,0,0
ARS,1,Pfizer,1,IMMUNOSUPPR,Ischstroke_narrow,0,0,0,0
ARS,1,Pfizer,1,any_risk_factors,Ischstroke_narrow,0,0,0,0
ARS,2,Pfizer,1,COVCANCER,Ischstroke_narrow,0,0,0,0
ARS,2,Pfizer,1,COVCKD,Ischstroke_narrow,0,0,0,0
ARS,2,Pfizer,1,COVCOPD,Ischstroke_narrow,0,0,0,0
ARS,2,Pfizer,1,COVDIAB,Ischstroke_narrow,0,0,0,0
ARS,2,Pfizer,1,COVHIV,Ischstroke_narrow,0,0,0,0
ARS,2,Pfizer,1,COVOBES,Ischstroke_narrow,0,0,0,0
ARS,2,Pfizer,1,COVSICKLE,Ischstroke_narrow,0,0,0,0
ARS,2,Pfizer,1,CV,Ischstroke_narrow,0,0,0,0
ARS,2,Pfizer,1,IMMUNOSUPPR,Ischstroke_narrow,0,0,0,0
ARS,2,Pfizer,1,any_risk_factors,Ischstroke_narrow,0,0,0,0
ARS,3,Pfizer,1,COVCANCER,Ischstroke_narrow,0,0,0,0
ARS,3,Pfizer,1,COVCKD,Ischstroke_narrow,0,0,0,0
ARS,3,Pfizer,1,COVCOPD,Ischstroke_narrow,0,0,0,0
ARS,3,Pfizer,1,COVDIAB,Ischstroke_narrow,0,0,0,0
ARS,3,Pfizer,1,COVHIV,Ischstroke_narrow,0,0,0,0
ARS,3,Pfizer,1,COVOBES,Ischstroke_narrow,0,0,0,0
ARS,3,Pfizer,1,COVSICKLE,Ischstroke_narrow,0,0,0,0
ARS,3,Pfizer,1,CV,Ischstroke_narrow,0,0,0,0
ARS,3,Pfizer,1,IMMUNOSUPPR,Ischstroke_narrow,0,0,0,0
ARS,3,Pfizer,1,any_risk_factors,Ischstroke_narrow,0,0,0,0
ARS,4,Pfizer,1,COVCANCER,Ischstroke_narrow,0,0,0,0
ARS,4,Pfizer,1,COVCKD,Ischstroke_narrow,0,0,0,0
ARS,4,Pfizer,1,COVCOPD,Ischstroke_narrow,0,0,0,0
ARS,4,Pfizer,1,COVDIAB,Ischstroke_narrow,0,0,0,0
ARS,4,Pfizer,1,COVHIV,Ischstroke_narrow,0,0,0,0
ARS,4,Pfizer,1,COVOBES,Ischstroke_narrow,0,0,0,0
ARS,4,Pfizer,1,COVSICKLE,Ischstroke_narrow,0,0,0,0
ARS,4,Pfizer,1,CV,Ischstroke_narrow,0,0,0,0
ARS,4,Pfizer,1,IMMUNOSUPPR,Ischstroke_narrow,0,0,0,0
ARS,4,Pfizer,1,any_risk_factors,Ischstroke_narrow,0,0,0,0
ARS,5,Pfizer,1,COVCANCER,Ischstroke_narrow,0,0,0,0
ARS,5,Pfizer,1,COVCKD,Ischstroke_narrow,0,0,0,0
ARS,5,Pfizer,1,COVCOPD,Ischstroke_narrow,0,0,0,0
ARS,5,Pfizer,1,COVDIAB,Ischstroke_narrow,0,0,0,0
ARS,5,Pfizer,1,COVHIV,Ischstroke_narrow,0,0,0,0
ARS,5,Pfizer,1,COVOBES,Ischstroke_narrow,0,0,0,0
ARS,5,Pfizer,1,COVSICKLE,Ischstroke_narrow,0,0,0,0
ARS,5,Pfizer,1,CV,Ischstroke_narrow,0,0,0,0
ARS,5,Pfizer,1,IMMUNOSUPPR,Ischstroke_narrow,0,0,0,0
ARS,5,Pfizer,1,any_risk_factors,Ischstroke_narrow,0,0,0,0
ARS,0,none,no_dose,COVCANCER,Ischstroke_broad,0,0,0,0
ARS,0,none,no_dose,COVCKD,Ischstroke_broad,0,0,0,0
ARS,0,none,no_dose,COVCOPD,Ischstroke_broad,0,0,0,0
ARS,0,none,no_dose,COVDIAB,Ischstroke_broad,0,0,0,0
ARS,0,none,no_dose,COVHIV,Ischstroke_broad,0,0,0,0
ARS,0,none,no_dose,COVOBES,Ischstroke_broad,0,0,0,0
ARS,0,none,no_dose,COVSICKLE,Ischstroke_broad,0,0,0,0
ARS,0,none,no_dose,CV,Ischstroke_broad,2,3923.83,981.32,15689.59
ARS,0,none,no_dose,IMMUNOSUPPR,Ischstroke_broad,0,0,0,0
ARS,0,none,no_dose,any_risk_factors,Ischstroke_broad,2,1953.68,488.6,7811.87
ARS,1,Pfizer,1,COVCANCER,Ischstroke_broad,0,0,0,0
ARS,1,Pfizer,1,COVCKD,Ischstroke_broad,0,0,0,0
ARS,1,Pfizer,1,COVCOPD,Ischstroke_broad,0,0,0,0
ARS,1,Pfizer,1,COVDIAB,Ischstroke_broad,0,0,0,0
ARS,1,Pfizer,1,COVHIV,Ischstroke_broad,0,0,0,0
ARS,1,Pfizer,1,COVOBES,Ischstroke_broad,0,0,0,0
ARS,1,Pfizer,1,COVSICKLE,Ischstroke_broad,0,0,0,0
ARS,1,Pfizer,1,CV,Ischstroke_broad,0,0,0,0
ARS,1,Pfizer,1,IMMUNOSUPPR,Ischstroke_broad,0,0,0,0
ARS,1,Pfizer,1,any_risk_factors,Ischstroke_broad,0,0,0,0
ARS,2,Pfizer,1,COVCANCER,Ischstroke_broad,0,0,0,0
ARS,2,Pfizer,1,COVCKD,Ischstroke_broad,0,0,0,0
ARS,2,Pfizer,1,COVCOPD,Ischstroke_broad,0,0,0,0
ARS,2,Pfizer,1,COVDIAB,Ischstroke_broad,0,0,0,0
ARS,2,Pfizer,1,COVHIV,Ischstroke_broad,0,0,0,0
ARS,2,Pfizer,1,COVOBES,Ischstroke_broad,0,0,0,0
ARS,2,Pfizer,1,COVSICKLE,Ischstroke_broad,0,0,0,0
ARS,2,Pfizer,1,CV,Ischstroke_broad,0,0,0,0
ARS,2,Pfizer,1,IMMUNOSUPPR,Ischstroke_broad,0,0,0,0
ARS,2,Pfizer,1,any_risk_factors,Ischstroke_broad,0,0,0,0
ARS,3,Pfizer,1,COVCANCER,Ischstroke_broad,0,0,0,0
ARS,3,Pfizer,1,COVCKD,Ischstroke_broad,0,0,0,0
ARS,3,Pfizer,1,COVCOPD,Ischstroke_broad,0,0,0,0
ARS,3,Pfizer,1,COVDIAB,Ischstroke_broad,0,0,0,0
ARS,3,Pfizer,1,COVHIV,Ischstroke_broad,0,0,0,0
ARS,3,Pfizer,1,COVOBES,Ischstroke_broad,0,0,0,0
ARS,3,Pfizer,1,COVSICKLE,Ischstroke_broad,0,0,0,0
ARS,3,Pfizer,1,CV,Ischstroke_broad,0,0,0,0
ARS,3,Pfizer,1,IMMUNOSUPPR,Ischstroke_broad,0,0,0,0
ARS,3,Pfizer,1,any_risk_factors,Ischstroke_broad,0,0,0,0
ARS,4,Pfizer,1,COVCANCER,Ischstroke_broad,0,0,0,0
ARS,4,Pfizer,1,COVCKD,Ischstroke_broad,0,0,0,0
ARS,4,Pfizer,1,COVCOPD,Ischstroke_broad,0,0,0,0
ARS,4,Pfizer,1,COVDIAB,Ischstroke_broad,0,0,0,0
ARS,4,Pfizer,1,COVHIV,Ischstroke_broad,0,0,0,0
ARS,4,Pfizer,1,COVOBES,Ischstroke_broad,0,0,0,0
ARS,4,Pfizer,1,COVSICKLE,Ischstroke_broad,0,0,0,0
ARS,4,Pfizer,1,CV,Ischstroke_broad,0,0,0,0
ARS,4,Pfizer,1,IMMUNOSUPPR,Ischstroke_broad,0,0,0,0
ARS,4,Pfizer,1,any_risk_factors,Ischstroke_broad,0,0,0,0
ARS,5,Pfizer,1,COVCANCER,Ischstroke_broad,0,0,0,0
ARS,5,Pfizer,1,COVCKD,Ischstroke_broad,0,0,0,0
ARS,5,Pfizer,1,COVCOPD,Ischstroke_broad,0,0,0,0
ARS,5,Pfizer,1,COVDIAB,Ischstroke_broad,0,0,0,0
ARS,5,Pfizer,1,COVHIV,Ischstroke_broad,0,0,0,0
ARS,5,Pfizer,1,COVOBES,Ischstroke_broad,0,0,0,0
ARS,5,Pfizer,1,COVSICKLE,Ischstroke_broad,0,0,0,0
ARS,5,Pfizer,1,CV,Ischstroke_broad,0,0,0,0
ARS,5,Pfizer,1,IMMUNOSUPPR,Ischstroke_broad,0,0,0,0
ARS,5,Pfizer,1,any_risk_factors,Ischstroke_broad,0,0,0,0
ARS,0,none,no_dose,COVCANCER,VTE_narrow,0,0,0,0
ARS,0,none,no_dose,COVCKD,VTE_narrow,0,0,0,0
ARS,0,none,no_dose,COVCOPD,VTE_narrow,0,0,0,0
ARS,0,none,no_dose,COVDIAB,VTE_narrow,0,0,0,0
ARS,0,none,no_dose,COVHIV,VTE_narrow,0,0,0,0
ARS,0,none,no_dose,COVOBES,VTE_narrow,0,0,0,0
ARS,0,none,no_dose,COVSICKLE,VTE_narrow,0,0,0,0
ARS,0,none,no_dose,CV,VTE_narrow,0,0,0,0
ARS,0,none,no_dose,IMMUNOSUPPR,VTE_narrow,0,0,0,0
ARS,0,none,no_dose,any_risk_factors,VTE_narrow,0,0,0,0
ARS,1,Pfizer,1,COVCANCER,VTE_narrow,0,0,0,0
ARS,1,Pfizer,1,COVCKD,VTE_narrow,0,0,0,0
ARS,1,Pfizer,1,COVCOPD,VTE_narrow,0,0,0,0
ARS,1,Pfizer,1,COVDIAB,VTE_narrow,0,0,0,0
ARS,1,Pfizer,1,COVHIV,VTE_narrow,0,0,0,0
ARS,1,Pfizer,1,COVOBES,VTE_narrow,0,0,0,0
ARS,1,Pfizer,1,COVSICKLE,VTE_narrow,0,0,0,0
ARS,1,Pfizer,1,CV,VTE_narrow,0,0,0,0
ARS,1,Pfizer,1,IMMUNOSUPPR,VTE_narrow,0,0,0,0
ARS,1,Pfizer,1,any_risk_factors,VTE_narrow,0,0,0,0
ARS,2,Pfizer,1,COVCANCER,VTE_narrow,0,0,0,0
ARS,2,Pfizer,1,COVCKD,VTE_narrow,0,0,0,0
ARS,2,Pfizer,1,COVCOPD,VTE_narrow,0,0,0,0
ARS,2,Pfizer,1,COVDIAB,VTE_narrow,0,0,0,0
ARS,2,Pfizer,1,COVHIV,VTE_narrow,0,0,0,0
ARS,2,Pfizer,1,COVOBES,VTE_narrow,0,0,0,0
ARS,2,Pfizer,1,COVSICKLE,VTE_narrow,0,0,0,0
ARS,2,Pfizer,1,CV,VTE_narrow,0,0,0,0
ARS,2,Pfizer,1,IMMUNOSUPPR,VTE_narrow,0,0,0,0
ARS,2,Pfizer,1,any_risk_factors,VTE_narrow,0,0,0,0
ARS,3,Pfizer,1,COVCANCER,VTE_narrow,0,0,0,0
ARS,3,Pfizer,1,COVCKD,VTE_narrow,0,0,0,0
ARS,3,Pfizer,1,COVCOPD,VTE_narrow,0,0,0,0
ARS,3,Pfizer,1,COVDIAB,VTE_narrow,0,0,0,0
ARS,3,Pfizer,1,COVHIV,VTE_narrow,0,0,0,0
ARS,3,Pfizer,1,COVOBES,VTE_narrow,0,0,0,0
ARS,3,Pfizer,1,COVSICKLE,VTE_narrow,0,0,0,0
ARS,3,Pfizer,1,CV,VTE_narrow,0,0,0,0
ARS,3,Pfizer,1,IMMUNOSUPPR,VTE_narrow,0,0,0,0
ARS,3,Pfizer,1,any_risk_factors,VTE_narrow,0,0,0,0
ARS,4,Pfizer,1,COVCANCER,VTE_narrow,0,0,0,0
ARS,4,Pfizer,1,COVCKD,VTE_narrow,0,0,0,0
ARS,4,Pfizer,1,COVCOPD,VTE_narrow,0,0,0,0
ARS,4,Pfizer,1,COVDIAB,VTE_narrow,0,0,0,0
ARS,4,Pfizer,1,COVHIV,VTE_narrow,0,0,0,0
ARS,4,Pfizer,1,COVOBES,VTE_narrow,0,0,0,0
ARS,4,Pfizer,1,COVSICKLE,VTE_narrow,0,0,0,0
ARS,4,Pfizer,1,CV,VTE_narrow,0,0,0,0
ARS,4,Pfizer,1,IMMUNOSUPPR,VTE_narrow,0,0,0,0
ARS,4,Pfizer,1,any_risk_factors,VTE_narrow,0,0,0,0
ARS,5,Pfizer,1,COVCANCER,VTE_narrow,0,0,0,0
ARS,5,Pfizer,1,COVCKD,VTE_narrow,0,0,0,0
ARS,5,Pfizer,1,COVCOPD,VTE_narrow,0,0,0,0
ARS,5,Pfizer,1,COVDIAB,VTE_narrow,0,0,0,0
ARS,5,Pfizer,1,COVHIV,VTE_narrow,0,0,0,0
ARS,5,Pfizer,1,COVOBES,VTE_narrow,0,0,0,0
ARS,5,Pfizer,1,COVSICKLE,VTE_narrow,0,0,0,0
ARS,5,Pfizer,1,CV,VTE_narrow,0,0,0,0
ARS,5,Pfizer,1,IMMUNOSUPPR,VTE_narrow,0,0,0,0
ARS,5,Pfizer,1,any_risk_factors,VTE_narrow,0,0,0,0
ARS,0,none,no_dose,COVCANCER,CONTRDIVERTIC,0,0,0,0
ARS,0,none,no_dose,COVCKD,CONTRDIVERTIC,0,0,0,0
ARS,0,none,no_dose,COVCOPD,CONTRDIVERTIC,0,0,0,0
ARS,0,none,no_dose,COVDIAB,CONTRDIVERTIC,0,0,0,0
ARS,0,none,no_dose,COVHIV,CONTRDIVERTIC,0,0,0,0
ARS,0,none,no_dose,COVOBES,CONTRDIVERTIC,0,0,0,0
ARS,0,none,no_dose,COVSICKLE,CONTRDIVERTIC,0,0,0,0
ARS,0,none,no_dose,CV,CONTRDIVERTIC,0,0,0,0
ARS,0,none,no_dose,IMMUNOSUPPR,CONTRDIVERTIC,0,0,0,0
ARS,0,none,no_dose,any_risk_factors,CONTRDIVERTIC,0,0,0,0
ARS,1,Pfizer,1,COVCANCER,CONTRDIVERTIC,0,0,0,0
ARS,1,Pfizer,1,COVCKD,CONTRDIVERTIC,0,0,0,0
ARS,1,Pfizer,1,COVCOPD,CONTRDIVERTIC,0,0,0,0
ARS,1,Pfizer,1,COVDIAB,CONTRDIVERTIC,0,0,0,0
ARS,1,Pfizer,1,COVHIV,CONTRDIVERTIC,0,0,0,0
ARS,1,Pfizer,1,COVOBES,CONTRDIVERTIC,0,0,0,0
ARS,1,Pfizer,1,COVSICKLE,CONTRDIVERTIC,0,0,0,0
ARS,1,Pfizer,1,CV,CONTRDIVERTIC,0,0,0,0
ARS,1,Pfizer,1,IMMUNOSUPPR,CONTRDIVERTIC,0,0,0,0
ARS,1,Pfizer,1,any_risk_factors,CONTRDIVERTIC,0,0,0,0
ARS,2,Pfizer,1,COVCANCER,CONTRDIVERTIC,0,0,0,0
ARS,2,Pfizer,1,COVCKD,CONTRDIVERTIC,0,0,0,0
ARS,2,Pfizer,1,COVCOPD,CONTRDIVERTIC,0,0,0,0
ARS,2,Pfizer,1,COVDIAB,CONTRDIVERTIC,0,0,0,0
ARS,2,Pfizer,1,COVHIV,CONTRDIVERTIC,0,0,0,0
ARS,2,Pfizer,1,COVOBES,CONTRDIVERTIC,0,0,0,0
ARS,2,Pfizer,1,COVSICKLE,CONTRDIVERTIC,0,0,0,0
ARS,2,Pfizer,1,CV,CONTRDIVERTIC,0,0,0,0
ARS,2,Pfizer,1,IMMUNOSUPPR,CONTRDIVERTIC,0,0,0,0
ARS,2,Pfizer,1,any_risk_factors,CONTRDIVERTIC,0,0,0,0
ARS,3,Pfizer,1,COVCANCER,CONTRDIVERTIC,0,0,0,0
ARS,3,Pfizer,1,COVCKD,CONTRDIVERTIC,0,0,0,0
ARS,3,Pfizer,1,COVCOPD,CONTRDIVERTIC,0,0,0,0
ARS,3,Pfizer,1,COVDIAB,CONTRDIVERTIC,0,0,0,0
ARS,3,Pfizer,1,COVHIV,CONTRDIVERTIC,0,0,0,0
ARS,3,Pfizer,1,COVOBES,CONTRDIVERTIC,0,0,0,0
ARS,3,Pfizer,1,COVSICKLE,CONTRDIVERTIC,0,0,0,0
ARS,3,Pfizer,1,CV,CONTRDIVERTIC,0,0,0,0
ARS,3,Pfizer,1,IMMUNOSUPPR,CONTRDIVERTIC,0,0,0,0
ARS,3,Pfizer,1,any_risk_factors,CONTRDIVERTIC,0,0,0,0
ARS,4,Pfizer,1,COVCANCER,CONTRDIVERTIC,0,0,0,0
ARS,4,Pfizer,1,COVCKD,CONTRDIVERTIC,0,0,0,0
ARS,4,Pfizer,1,COVCOPD,CONTRDIVERTIC,0,0,0,0
ARS,4,Pfizer,1,COVDIAB,CONTRDIVERTIC,0,0,0,0
ARS,4,Pfizer,1,COVHIV,CONTRDIVERTIC,0,0,0,0
ARS,4,Pfizer,1,COVOBES,CONTRDIVERTIC,0,0,0,0
ARS,4,Pfizer,1,COVSICKLE,CONTRDIVERTIC,0,0,0,0
ARS,4,Pfizer,1,CV,CONTRDIVERTIC,0,0,0,0
ARS,4,Pfizer,1,IMMUNOSUPPR,CONTRDIVERTIC,0,0,0,0
ARS,4,Pfizer,1,any_risk_factors,CONTRDIVERTIC,0,0,0,0
ARS,5,Pfizer,1,COVCANCER,CONTRDIVERTIC,0,0,0,0
ARS,5,Pfizer,1,COVCKD,CONTRDIVERTIC,0,0,0,0
ARS,5,Pfizer,1,COVCOPD,CONTRDIVERTIC,0,0,0,0
ARS,5,Pfizer,1,COVDIAB,CONTRDIVERTIC,0,0,0,0
ARS,5,Pfizer,1,COVHIV,CONTRDIVERTIC,0,0,0,0
ARS,5,Pfizer,1,COVOBES,CONTRDIVERTIC,0,0,0,0
ARS,5,Pfizer,1,COVSICKLE,CONTRDIVERTIC,0,0,0,0
ARS,5,Pfizer,1,CV,CONTRDIVERTIC,0,0,0,0
ARS,5,Pfizer,1,IMMUNOSUPPR,CONTRDIVERTIC,0,0,0,0
ARS,5,Pfizer,1,any_risk_factors,CONTRDIVERTIC,0,0,0,0
ARS,0,none,no_dose,COVCANCER,CONTRHYPERT,0,0,0,0
ARS,0,none,no_dose,COVCKD,CONTRHYPERT,0,0,0,0
ARS,0,none,no_dose,COVCOPD,CONTRHYPERT,0,0,0,0
ARS,0,none,no_dose,COVDIAB,CONTRHYPERT,0,0,0,0
ARS,0,none,no_dose,COVHIV,CONTRHYPERT,0,0,0,0
ARS,0,none,no_dose,COVOBES,CONTRHYPERT,0,0,0,0
ARS,0,none,no_dose,COVSICKLE,CONTRHYPERT,0,0,0,0
ARS,0,none,no_dose,CV,CONTRHYPERT,0,0,0,0
ARS,0,none,no_dose,IMMUNOSUPPR,CONTRHYPERT,0,0,0,0
ARS,0,none,no_dose,any_risk_factors,CONTRHYPERT,0,0,0,0
ARS,1,Pfizer,1,COVCANCER,CONTRHYPERT,0,0,0,0
ARS,1,Pfizer,1,COVCKD,CONTRHYPERT,0,0,0,0
ARS,1,Pfizer,1,COVCOPD,CONTRHYPERT,0,0,0,0
ARS,1,Pfizer,1,COVDIAB,CONTRHYPERT,0,0,0,0
ARS,1,Pfizer,1,COVHIV,CONTRHYPERT,0,0,0,0
ARS,1,Pfizer,1,COVOBES,CONTRHYPERT,0,0,0,0
ARS,1,Pfizer,1,COVSICKLE,CONTRHYPERT,0,0,0,0
ARS,1,Pfizer,1,CV,CONTRHYPERT,0,0,0,0
ARS,1,Pfizer,1,IMMUNOSUPPR,CONTRHYPERT,0,0,0,0
ARS,1,Pfizer,1,any_risk_factors,CONTRHYPERT,0,0,0,0
ARS,2,Pfizer,1,COVCANCER,CONTRHYPERT,0,0,0,0
ARS,2,Pfizer,1,COVCKD,CONTRHYPERT,0,0,0,0
ARS,2,Pfizer,1,COVCOPD,CONTRHYPERT,0,0,0,0
ARS,2,Pfizer,1,COVDIAB,CONTRHYPERT,0,0,0,0
ARS,2,Pfizer,1,COVHIV,CONTRHYPERT,0,0,0,0
ARS,2,Pfizer,1,COVOBES,CONTRHYPERT,0,0,0,0
ARS,2,Pfizer,1,COVSICKLE,CONTRHYPERT,0,0,0,0
ARS,2,Pfizer,1,CV,CONTRHYPERT,0,0,0,0
ARS,2,Pfizer,1,IMMUNOSUPPR,CONTRHYPERT,0,0,0,0
ARS,2,Pfizer,1,any_risk_factors,CONTRHYPERT,0,0,0,0
ARS,3,Pfizer,1,COVCANCER,CONTRHYPERT,0,0,0,0
ARS,3,Pfizer,1,COVCKD,CONTRHYPERT,0,0,0,0
ARS,3,Pfizer,1,COVCOPD,CONTRHYPERT,0,0,0,0
ARS,3,Pfizer,1,COVDIAB,CONTRHYPERT,0,0,0,0
ARS,3,Pfizer,1,COVHIV,CONTRHYPERT,0,0,0,0
ARS,3,Pfizer,1,COVOBES,CONTRHYPERT,0,0,0,0
ARS,3,Pfizer,1,COVSICKLE,CONTRHYPERT,0,0,0,0
ARS,3,Pfizer,1,CV,CONTRHYPERT,0,0,0,0
ARS,3,Pfizer,1,IMMUNOSUPPR,CONTRHYPERT,0,0,0,0
ARS,3,Pfizer,1,any_risk_factors,CONTRHYPERT,0,0,0,0
ARS,4,Pfizer,1,COVCANCER,CONTRHYPERT,0,0,0,0
ARS,4,Pfizer,1,COVCKD,CONTRHYPERT,0,0,0,0
ARS,4,Pfizer,1,COVCOPD,CONTRHYPERT,0,0,0,0
ARS,4,Pfizer,1,COVDIAB,CONTRHYPERT,0,0,0,0
ARS,4,Pfizer,1,COVHIV,CONTRHYPERT,0,0,0,0
ARS,4,Pfizer,1,COVOBES,CONTRHYPERT,0,0,0,0
ARS,4,Pfizer,1,COVSICKLE,CONTRHYPERT,0,0,0,0
ARS,4,Pfizer,1,CV,CONTRHYPERT,0,0,0,0
ARS,4,Pfizer,1,IMMUNOSUPPR,CONTRHYPERT,0,0,0,0
ARS,4,Pfizer,1,any_risk_factors,CONTRHYPERT,0,0,0,0
ARS,5,Pfizer,1,COVCANCER,CONTRHYPERT,0,0,0,0
ARS,5,Pfizer,1,COVCKD,CONTRHYPERT,0,0,0,0
ARS,5,Pfizer,1,COVCOPD,CONTRHYPERT,0,0,0,0
ARS,5,Pfizer,1,COVDIAB,CONTRHYPERT,0,0,0,0
ARS,5,Pfizer,1,COVHIV,CONTRHYPERT,0,0,0,0
ARS,5,Pfizer,1,COVOBES,CONTRHYPERT,0,0,0,0
ARS,5,Pfizer,1,COVSICKLE,CONTRHYPERT,0,0,0,0
ARS,5,Pfizer,1,CV,CONTRHYPERT,0,0,0,0
ARS,5,Pfizer,1,IMMUNOSUPPR,CONTRHYPERT,0,0,0,0
ARS,5,Pfizer,1,any_risk_factors,CONTRHYPERT,0,0,0,0
ARS,0,none,no_dose,COVCANCER,DEATH,1,13091.4,1844.03,92940.13
ARS,0,none,no_dose,COVCKD,DEATH,0,0,0,0
ARS,0,none,no_dose,COVCOPD,DEATH,0,0,0,0
ARS,0,none,no_dose,COVDIAB,DEATH,1,3584.4,504.89,25446.83
ARS,0,none,no_dose,COVHIV,DEATH,0,0,0,0
ARS,0,none,no_dose,COVOBES,DEATH,0,0,0,0
ARS,0,none,no_dose,COVSICKLE,DEATH,0,0,0,0
ARS,0,none,no_dose,CV,DEATH,5,8949.57,3725,21501.96
ARS,0,none,no_dose,IMMUNOSUPPR,DEATH,0,0,0,0
ARS,0,none,no_dose,any_risk_factors,DEATH,6,5593.42,2512.87,12450.46
ARS,1,Pfizer,1,COVCANCER,DEATH,0,0,0,0
ARS,1,Pfizer,1,COVCKD,DEATH,0,0,0,0
ARS,1,Pfizer,1,COVCOPD,DEATH,0,0,0,0
ARS,1,Pfizer,1,COVDIAB,DEATH,0,0,0,0
ARS,1,Pfizer,1,COVHIV,DEATH,0,0,0,0
ARS,1,Pfizer,1,COVOBES,DEATH,0,0,0,0
ARS,1,Pfizer,1,COVSICKLE,DEATH,0,0,0,0
ARS,1,Pfizer,1,CV,DEATH,0,0,0,0
ARS,1,Pfizer,1,IMMUNOSUPPR,DEATH,0,0,0,0
ARS,1,Pfizer,1,any_risk_factors,DEATH,0,0,0,0
ARS,2,Pfizer,1,COVCANCER,DEATH,0,0,0,0
ARS,2,Pfizer,1,COVCKD,DEATH,0,0,0,0
ARS,2,Pfizer,1,COVCOPD,DEATH,0,0,0,0
ARS,2,Pfizer,1,COVDIAB,DEATH,0,0,0,0
ARS,2,Pfizer,1,COVHIV,DEATH,0,0,0,0
ARS,2,Pfizer,1,COVOBES,DEATH,0,0,0,0
ARS,2,Pfizer,1,COVSICKLE,DEATH,0,0,0,0
ARS,2,Pfizer,1,CV,DEATH,0,0,0,0
ARS,2,Pfizer,1,IMMUNOSUPPR,DEATH,0,0,0,0
ARS,2,Pfizer,1,any_risk_factors,DEATH,0,0,0,0
ARS,3,Pfizer,1,COVCANCER,DEATH,0,0,0,0
ARS,3,Pfizer,1,COVCKD,DEATH,0,0,0,0
ARS,3,Pfizer,1,COVCOPD,DEATH,0,0,0,0
ARS,3,Pfizer,1,COVDIAB,DEATH,0,0,0,0
ARS,3,Pfizer,1,COVHIV,DEATH,0,0,0,0
ARS,3,Pfizer,1,COVOBES,DEATH,0,0,0,0
ARS,3,Pfizer,1,COVSICKLE,DEATH,0,0,0,0
ARS,3,Pfizer,1,CV,DEATH,0,0,0,0
ARS,3,Pfizer,1,IMMUNOSUPPR,DEATH,0,0,0,0
ARS,3,Pfizer,1,any_risk_factors,DEATH,0,0,0,0
ARS,4,Pfizer,1,COVCANCER,DEATH,0,0,0,0
ARS,4,Pfizer,1,COVCKD,DEATH,0,0,0,0
ARS,4,Pfizer,1,COVCOPD,DEATH,0,0,0,0
ARS,4,Pfizer,1,COVDIAB,DEATH,0,0,0,0
ARS,4,Pfizer,1,COVHIV,DEATH,0,0,0,0
ARS,4,Pfizer,1,COVOBES,DEATH,0,0,0,0
ARS,4,Pfizer,1,COVSICKLE,DEATH,0,0,0,0
ARS,4,Pfizer,1,CV,DEATH,0,0,0,0
ARS,4,Pfizer,1,IMMUNOSUPPR,DEATH,0,0,0,0
ARS,4,Pfizer,1,any_risk_factors,DEATH,0,0,0,0
ARS,5,Pfizer,1,COVCANCER,DEATH,0,0,0,0
ARS,5,Pfizer,1,COVCKD,DEATH,0,0,0,0
ARS,5,Pfizer,1,COVCOPD,DEATH,0,0,0,0
ARS,5,Pfizer,1,COVDIAB,DEATH,0,0,0,0
ARS,5,Pfizer,1,COVHIV,DEATH,0,0,0,0
ARS,5,Pfizer,1,COVOBES,DEATH,0,0,0,0
ARS,5,Pfizer,1,COVSICKLE,DEATH,0,0,0,0
ARS,5,Pfizer,1,CV,DEATH,0,0,0,0
ARS,5,Pfizer,1,IMMUNOSUPPR,DEATH,0,0,0,0
ARS,5,Pfizer,1,any_risk_factors,DEATH,0,0,0,0
ARS,0,none,no_dose,COVCANCER,ArterialNoTP,0,0,0,0
ARS,0,none,no_dose,COVCKD,ArterialNoTP,0,0,0,0
ARS,0,none,no_dose,COVCOPD,ArterialNoTP,0,0,0,0
ARS,0,none,no_dose,COVDIAB,ArterialNoTP,0,0,0,0
ARS,0,none,no_dose,COVHIV,ArterialNoTP,0,0,0,0
ARS,0,none,no_dose,COVOBES,ArterialNoTP,0,0,0,0
ARS,0,none,no_dose,COVSICKLE,ArterialNoTP,0,0,0,0
ARS,0,none,no_dose,CV,ArterialNoTP,2,3923.83,981.32,15689.59
ARS,0,none,no_dose,IMMUNOSUPPR,ArterialNoTP,0,0,0,0
ARS,0,none,no_dose,any_risk_factors,ArterialNoTP,2,1953.68,488.6,7811.87
ARS,1,Pfizer,1,COVCANCER,ArterialNoTP,0,0,0,0
ARS,1,Pfizer,1,COVCKD,ArterialNoTP,0,0,0,0
ARS,1,Pfizer,1,COVCOPD,ArterialNoTP,0,0,0,0
ARS,1,Pfizer,1,COVDIAB,ArterialNoTP,0,0,0,0
ARS,1,Pfizer,1,COVHIV,ArterialNoTP,0,0,0,0
ARS,1,Pfizer,1,COVOBES,ArterialNoTP,0,0,0,0
ARS,1,Pfizer,1,COVSICKLE,ArterialNoTP,0,0,0,0
ARS,1,Pfizer,1,CV,ArterialNoTP,0,0,0,0
ARS,1,Pfizer,1,IMMUNOSUPPR,ArterialNoTP,0,0,0,0
ARS,1,Pfizer,1,any_risk_factors,ArterialNoTP,0,0,0,0
ARS,2,Pfizer,1,COVCANCER,ArterialNoTP,0,0,0,0
ARS,2,Pfizer,1,COVCKD,ArterialNoTP,0,0,0,0
ARS,2,Pfizer,1,COVCOPD,ArterialNoTP,0,0,0,0
ARS,2,Pfizer,1,COVDIAB,ArterialNoTP,0,0,0,0
ARS,2,Pfizer,1,COVHIV,ArterialNoTP,0,0,0,0
ARS,2,Pfizer,1,COVOBES,ArterialNoTP,0,0,0,0
ARS,2,Pfizer,1,COVSICKLE,ArterialNoTP,0,0,0,0
ARS,2,Pfizer,1,CV,ArterialNoTP,0,0,0,0
ARS,2,Pfizer,1,IMMUNOSUPPR,ArterialNoTP,0,0,0,0
ARS,2,Pfizer,1,any_risk_factors,ArterialNoTP,0,0,0,0
ARS,3,Pfizer,1,COVCANCER,ArterialNoTP,0,0,0,0
ARS,3,Pfizer,1,COVCKD,ArterialNoTP,0,0,0,0
ARS,3,Pfizer,1,COVCOPD,ArterialNoTP,0,0,0,0
ARS,3,Pfizer,1,COVDIAB,ArterialNoTP,0,0,0,0
ARS,3,Pfizer,1,COVHIV,ArterialNoTP,0,0,0,0
ARS,3,Pfizer,1,COVOBES,ArterialNoTP,0,0,0,0
ARS,3,Pfizer,1,COVSICKLE,ArterialNoTP,0,0,0,0
ARS,3,Pfizer,1,CV,ArterialNoTP,0,0,0,0
ARS,3,Pfizer,1,IMMUNOSUPPR,ArterialNoTP,0,0,0,0
ARS,3,Pfizer,1,any_risk_factors,ArterialNoTP,0,0,0,0
ARS,4,Pfizer,1,COVCANCER,ArterialNoTP,0,0,0,0
ARS,4,Pfizer,1,COVCKD,ArterialNoTP,0,0,0,0
ARS,4,Pfizer,1,COVCOPD,ArterialNoTP,0,0,0,0
ARS,4,Pfizer,1,COVDIAB,ArterialNoTP,0,0,0,0
ARS,4,Pfizer,1,COVHIV,ArterialNoTP,0,0,0,0
ARS,4,Pfizer,1,COVOBES,ArterialNoTP,0,0,0,0
ARS,4,Pfizer,1,COVSICKLE,ArterialNoTP,0,0,0,0
ARS,4,Pfizer,1,CV,ArterialNoTP,0,0,0,0
ARS,4,Pfizer,1,IMMUNOSUPPR,ArterialNoTP,0,0,0,0
ARS,4,Pfizer,1,any_risk_factors,ArterialNoTP,0,0,0,0
ARS,5,Pfizer,1,COVCANCER,ArterialNoTP,0,0,0,0
ARS,5,Pfizer,1,COVCKD,ArterialNoTP,0,0,0,0
ARS,5,Pfizer,1,COVCOPD,ArterialNoTP,0,0,0,0
ARS,5,Pfizer,1,COVDIAB,ArterialNoTP,0,0,0,0
ARS,5,Pfizer,1,COVHIV,ArterialNoTP,0,0,0,0
ARS,5,Pfizer,1,COVOBES,ArterialNoTP,0,0,0,0
ARS,5,Pfizer,1,COVSICKLE,ArterialNoTP,0,0,0,0
ARS,5,Pfizer,1,CV,ArterialNoTP,0,0,0,0
ARS,5,Pfizer,1,IMMUNOSUPPR,ArterialNoTP,0,0,0,0
ARS,5,Pfizer,1,any_risk_factors,ArterialNoTP,0,0,0,0
ARS,0,none,no_dose,COVCANCER,VTENoTP,0,0,0,0
ARS,0,none,no_dose,COVCKD,VTENoTP,0,0,0,0
ARS,0,none,no_dose,COVCOPD,VTENoTP,0,0,0,0
ARS,0,none,no_dose,COVDIAB,VTENoTP,0,0,0,0
ARS,0,none,no_dose,COVHIV,VTENoTP,0,0,0,0
ARS,0,none,no_dose,COVOBES,VTENoTP,0,0,0,0
ARS,0,none,no_dose,COVSICKLE,VTENoTP,0,0,0,0
ARS,0,none,no_dose,CV,VTENoTP,0,0,0,0
ARS,0,none,no_dose,IMMUNOSUPPR,VTENoTP,0,0,0,0
ARS,0,none,no_dose,any_risk_factors,VTENoTP,0,0,0,0
ARS,1,Pfizer,1,COVCANCER,VTENoTP,0,0,0,0
ARS,1,Pfizer,1,COVCKD,VTENoTP,0,0,0,0
ARS,1,Pfizer,1,COVCOPD,VTENoTP,0,0,0,0
ARS,1,Pfizer,1,COVDIAB,VTENoTP,0,0,0,0
ARS,1,Pfizer,1,COVHIV,VTENoTP,0,0,0,0
ARS,1,Pfizer,1,COVOBES,VTENoTP,0,0,0,0
ARS,1,Pfizer,1,COVSICKLE,VTENoTP,0,0,0,0
ARS,1,Pfizer,1,CV,VTENoTP,0,0,0,0
ARS,1,Pfizer,1,IMMUNOSUPPR,VTENoTP,0,0,0,0
ARS,1,Pfizer,1,any_risk_factors,VTENoTP,0,0,0,0
ARS,2,Pfizer,1,COVCANCER,VTENoTP,0,0,0,0
ARS,2,Pfizer,1,COVCKD,VTENoTP,0,0,0,0
ARS,2,Pfizer,1,COVCOPD,VTENoTP,0,0,0,0
ARS,2,Pfizer,1,COVDIAB,VTENoTP,0,0,0,0
ARS,2,Pfizer,1,COVHIV,VTENoTP,0,0,0,0
ARS,2,Pfizer,1,COVOBES,VTENoTP,0,0,0,0
ARS,2,Pfizer,1,COVSICKLE,VTENoTP,0,0,0,0
ARS,2,Pfizer,1,CV,VTENoTP,0,0,0,0
ARS,2,Pfizer,1,IMMUNOSUPPR,VTENoTP,0,0,0,0
ARS,2,Pfizer,1,any_risk_factors,VTENoTP,0,0,0,0
ARS,3,Pfizer,1,COVCANCER,VTENoTP,0,0,0,0
ARS,3,Pfizer,1,COVCKD,VTENoTP,0,0,0,0
ARS,3,Pfizer,1,COVCOPD,VTENoTP,0,0,0,0
ARS,3,Pfizer,1,COVDIAB,VTENoTP,0,0,0,0
ARS,3,Pfizer,1,COVHIV,VTENoTP,0,0,0,0
ARS,3,Pfizer,1,COVOBES,VTENoTP,0,0,0,0
ARS,3,Pfizer,1,COVSICKLE,VTENoTP,0,0,0,0
ARS,3,Pfizer,1,CV,VTENoTP,0,0,0,0
ARS,3,Pfizer,1,IMMUNOSUPPR,VTENoTP,0,0,0,0
ARS,3,Pfizer,1,any_risk_factors,VTENoTP,0,0,0,0
ARS,4,Pfizer,1,COVCANCER,VTENoTP,0,0,0,0
ARS,4,Pfizer,1,COVCKD,VTENoTP,0,0,0,0
ARS,4,Pfizer,1,COVCOPD,VTENoTP,0,0,0,0
ARS,4,Pfizer,1,COVDIAB,VTENoTP,0,0,0,0
ARS,4,Pfizer,1,COVHIV,VTENoTP,0,0,0,0
ARS,4,Pfizer,1,COVOBES,VTENoTP,0,0,0,0
ARS,4,Pfizer,1,COVSICKLE,VTENoTP,0,0,0,0
ARS,4,Pfizer,1,CV,VTENoTP,0,0,0,0
ARS,4,Pfizer,1,IMMUNOSUPPR,VTENoTP,0,0,0,0
ARS,4,Pfizer,1,any_risk_factors,VTENoTP,0,0,0,0
ARS,5,Pfizer,1,COVCANCER,VTENoTP,0,0,0,0
ARS,5,Pfizer,1,COVCKD,VTENoTP,0,0,0,0
ARS,5,Pfizer,1,COVCOPD,VTENoTP,0,0,0,0
ARS,5,Pfizer,1,COVDIAB,VTENoTP,0,0,0,0
ARS,5,Pfizer,1,COVHIV,VTENoTP,0,0,0,0
ARS,5,Pfizer,1,COVOBES,VTENoTP,0,0,0,0
ARS,5,Pfizer,1,COVSICKLE,VTENoTP,0,0,0,0
ARS,5,Pfizer,1,CV,VTENoTP,0,0,0,0
ARS,5,Pfizer,1,IMMUNOSUPPR,VTENoTP,0,0,0,0
ARS,5,Pfizer,1,any_risk_factors,VTENoTP,0,0,0,0
ARS,0,none,no_dose,COVCANCER,ArterialVTENoTP,0,0,0,0
ARS,0,none,no_dose,COVCKD,ArterialVTENoTP,0,0,0,0
ARS,0,none,no_dose,COVCOPD,ArterialVTENoTP,0,0,0,0
ARS,0,none,no_dose,COVDIAB,ArterialVTENoTP,0,0,0,0
ARS,0,none,no_dose,COVHIV,ArterialVTENoTP,0,0,0,0
ARS,0,none,no_dose,COVOBES,ArterialVTENoTP,0,0,0,0
ARS,0,none,no_dose,COVSICKLE,ArterialVTENoTP,0,0,0,0
ARS,0,none,no_dose,CV,ArterialVTENoTP,2,4024.79,1006.56,16093.28
ARS,0,none,no_dose,IMMUNOSUPPR,ArterialVTENoTP,0,0,0,0
ARS,0,none,no_dose,any_risk_factors,ArterialVTENoTP,2,1978.39,494.78,7910.67
ARS,1,Pfizer,1,COVCANCER,ArterialVTENoTP,0,0,0,0
ARS,1,Pfizer,1,COVCKD,ArterialVTENoTP,0,0,0,0
ARS,1,Pfizer,1,COVCOPD,ArterialVTENoTP,0,0,0,0
ARS,1,Pfizer,1,COVDIAB,ArterialVTENoTP,0,0,0,0
ARS,1,Pfizer,1,COVHIV,ArterialVTENoTP,0,0,0,0
ARS,1,Pfizer,1,COVOBES,ArterialVTENoTP,0,0,0,0
ARS,1,Pfizer,1,COVSICKLE,ArterialVTENoTP,0,0,0,0
ARS,1,Pfizer,1,CV,ArterialVTENoTP,0,0,0,0
ARS,1,Pfizer,1,IMMUNOSUPPR,ArterialVTENoTP,0,0,0,0
ARS,1,Pfizer,1,any_risk_factors,ArterialVTENoTP,0,0,0,0
ARS,2,Pfizer,1,COVCANCER,ArterialVTENoTP,0,0,0,0
ARS,2,Pfizer,1,COVCKD,ArterialVTENoTP,0,0,0,0
ARS,2,Pfizer,1,COVCOPD,ArterialVTENoTP,0,0,0,0
ARS,2,Pfizer,1,COVDIAB,ArterialVTENoTP,0,0,0,0
ARS,2,Pfizer,1,COVHIV,ArterialVTENoTP,0,0,0,0
ARS,2,Pfizer,1,COVOBES,ArterialVTENoTP,0,0,0,0
ARS,2,Pfizer,1,COVSICKLE,ArterialVTENoTP,0,0,0,0
ARS,2,Pfizer,1,CV,ArterialVTENoTP,0,0,0,0
ARS,2,Pfizer,1,IMMUNOSUPPR,ArterialVTENoTP,0,0,0,0
ARS,2,Pfizer,1,any_risk_factors,ArterialVTENoTP,0,0,0,0
ARS,3,Pfizer,1,COVCANCER,ArterialVTENoTP,0,0,0,0
ARS,3,Pfizer,1,COVCKD,ArterialVTENoTP,0,0,0,0
ARS,3,Pfizer,1,COVCOPD,ArterialVTENoTP,0,0,0,0
ARS,3,Pfizer,1,COVDIAB,ArterialVTENoTP,0,0,0,0
ARS,3,Pfizer,1,COVHIV,ArterialVTENoTP,0,0,0,0
ARS,3,Pfizer,1,COVOBES,ArterialVTENoTP,0,0,0,0
ARS,3,Pfizer,1,COVSICKLE,ArterialVTENoTP,0,0,0,0
ARS,3,Pfizer,1,CV,ArterialVTENoTP,0,0,0,0
ARS,3,Pfizer,1,IMMUNOSUPPR,ArterialVTENoTP,0,0,0,0
ARS,3,Pfizer,1,any_risk_factors,ArterialVTENoTP,0,0,0,0
ARS,4,Pfizer,1,COVCANCER,ArterialVTENoTP,0,0,0,0
ARS,4,Pfizer,1,COVCKD,ArterialVTENoTP,0,0,0,0
ARS,4,Pfizer,1,COVCOPD,ArterialVTENoTP,0,0,0,0
ARS,4,Pfizer,1,COVDIAB,ArterialVTENoTP,0,0,0,0
ARS,4,Pfizer,1,COVHIV,ArterialVTENoTP,0,0,0,0
ARS,4,Pfizer,1,COVOBES,ArterialVTENoTP,0,0,0,0
ARS,4,Pfizer,1,COVSICKLE,ArterialVTENoTP,0,0,0,0
ARS,4,Pfizer,1,CV,ArterialVTENoTP,0,0,0,0
ARS,4,Pfizer,1,IMMUNOSUPPR,ArterialVTENoTP,0,0,0,0
ARS,4,Pfizer,1,any_risk_factors,ArterialVTENoTP,0,0,0,0
ARS,5,Pfizer,1,COVCANCER,ArterialVTENoTP,0,0,0,0
ARS,5,Pfizer,1,COVCKD,ArterialVTENoTP,0,0,0,0
ARS,5,Pfizer,1,COVCOPD,ArterialVTENoTP,0,0,0,0
ARS,5,Pfizer,1,COVDIAB,ArterialVTENoTP,0,0,0,0
ARS,5,Pfizer,1,COVHIV,ArterialVTENoTP,0,0,0,0
ARS,5,Pfizer,1,COVOBES,ArterialVTENoTP,0,0,0,0
ARS,5,Pfizer,1,COVSICKLE,ArterialVTENoTP,0,0,0,0
ARS,5,Pfizer,1,CV,ArterialVTENoTP,0,0,0,0
ARS,5,Pfizer,1,IMMUNOSUPPR,ArterialVTENoTP,0,0,0,0
ARS,5,Pfizer,1,any_risk_factors,ArterialVTENoTP,0,0,0,0
